Model,Price,Mileage,Brand,Registered Date,Source
Mercedes-Benz S-Class S400L (R19),184800,107375,Mercedes-Benz,21-Jul-16,GOwheeler
Audi Q2 1.4A TFSI S-tronic,112800,74873,Audi,31-Oct-18,GOwheeler
Opel Crossland Diesel 1.5A X Turbo,111800,46,Opel,13-Apr-21,GOwheeler
Mazda CX-5 2.5A Luxury Sunroof,75800,57602,Mazda,30-May-16,GOwheeler
Nissan Sylphy 1.6A Premium,52800,61809,Nissan,29-Dec-15,GOwheeler
Audi A5 Cabriolet 2.0A TFSI Quattro  ,111800,78217,Audi,31-May-16,GOwheeler
Renault Fluence Diesel 1.5A dCi Pri,47800,87724,Renault,31-May-16,GOwheeler
Honda Shuttle 1.5G CVT,54800,96249,Honda,15-Apr-16,GOwheeler
Porsche Macan S 3.0A PDK,174800,78127,Porsche,22-Jan-16,GOwheeler
Mazda 3 1.5A Sunroof,84800,53549,Mazda,20-Nov-18,GOwheeler
Audi A6 2.0A TFSI,125800,71413,Audi,31-May-17,GOwheeler
Skoda Kamiq 1.5A TSI Ambition,137800,7169,Skoda,18-Jun-21,GOwheeler
Audi Q2 1.4A TFSI S-tronic,112800,90602,Audi,21-Nov-18,GOwheeler
Toyota Camry Hybrid 2.5A Ascent ,146800,37655,Toyota,10-Nov-20,GOwheeler
Subaru Forester 2.0A XT AWD Sunroof,76800,159970,Subaru,3-Dec-16,GOwheeler
Lexus ES250 Luxury Sunroof,158800,81109,Lexus,15-Oct-18,GOwheeler
BMW 4 Series 428i Gran Coupe Sport     ,92800,67440,BMW,9-Feb-15,GOwheeler
BMW X1 SDrive18i LED NAV,110800,101042,BMW,15-Nov-17,GOwheeler
Lexus NX300 5Dr SUV 4WD Executive,149800,50987,Lexus,19-Apr-18,GOwheeler
Porsche Cayenne S 4.8 A (Consignment),160800,93530,Porsche,17-Mar-11,GOwheeler
Renault Grand Scenic IV 1.5 DCI Sun ,134800,20,Renault,12-Apr-22,GOwheeler
Mini Cooper D 1.5A,63800,75503,Mini,23-Oct-15,GOwheeler
Lexus NX300 5Dr SUV 4WD Executive,181800,27408,Lexus,2-Jan-20,GOwheeler
Mercedes-Benz B-Class B180 Style,74800,133962,Mercedes-Benz,25-Jul-16,GOwheeler
Maserati Levante 3.0A (Consignment),380800,18750,Maserati,4-Dec-20,GOwheeler
Subaru Levorg 1.6A GT-S AWD,91800,97024,Subaru,10-Mar-17,GOwheeler
BMW Alpina B3 BiTurbo,191800,104007,BMW,17-Mar-17,GOwheeler
